run_dir,run_name,organism,replica_count,sample_index,protein_length,num_fragments,fragment_bin,true_order_recovered,completed,shuffled_exact_match,shuffled_similarity,shuffled_edit_similarity,shuffled_adjacent_pair_acc,shuffled_longest_correct_run,shuffled_kendall_tau,deterministic_exact_match,deterministic_similarity,deterministic_edit_similarity,deterministic_adjacent_pair_acc,deterministic_longest_correct_run,deterministic_kendall_tau,control_exact_match,control_similarity,control_edit_similarity,control_adjacent_pair_acc,control_longest_correct_run,control_kendall_tau,agentic_exact_match,agentic_similarity,agentic_edit_similarity,agentic_adjacent_pair_acc,agentic_longest_correct_run,agentic_kendall_tau,oracle_exact_match,oracle_similarity,oracle_edit_similarity,oracle_adjacent_pair_acc,oracle_longest_correct_run,oracle_kendall_tau,nterm_correct,nterm_correct_shuffled,breakpoints,breakpoints_normalized,error_class,validity_concordance,validity_comparable_pairs,best_iteration,num_iterations,best_validity_score,first_pass_validity_score,control_validity_score,control_best_iteration,llm_calls,llm_tokens,llm_failures,duration_seconds,agentic_duration_seconds,control_duration_seconds,num_pruned,total_junctions,pruned_pct,num_confirmed_adjacencies
140726_171539_agentic,"Agentic Evaluation (Yeast, esm_small, r100)",Yeast,100,1,201,23,20-49,1,1,0.0,0.029850746268656716,,0.22727272727272727,0.17391304347826086,0.011857707509881422,0.0,0.07462686567164178,0.3731343283582089,0.6363636363636364,0.21739130434782608,0.003952569169960474,0.0,0.07462686567164178,0.2786069651741293,0.6363636363636364,0.2608695652173913,0.3201581027667984,0.0,0.07462686567164178,0.3233830845771144,0.6818181818181818,0.2608695652173913,0.6679841897233202,0.0,0.0845771144278607,0.43781094527363185,0.6818181818181818,0.2608695652173913,0.6679841897233202,1,0,7.000000000000001,0.31818181818181823,partial_assembly,1.0,7,3,5,16.799571337480206,19.199849325540896,17.27864061535478,4,4,6208,0,43.164891719818115,38.97146272659302,4.040531158447266,22,506,4.3478260869565215,17
140726_171539_agentic,"Agentic Evaluation (Yeast, esm_small, r100)",Yeast,100,2,1178,87,50+,1,1,0.0,0.006791171477079796,,0.011627906976744186,0.022988505747126436,-0.061748195669607056,0.0,0.0466893039049236,0.25806451612903225,0.6046511627906976,0.13793103448275862,-0.1210906174819567,0.0,0.01697792869269949,0.2300509337860781,0.627906976744186,0.19540229885057472,-0.13178294573643412,0.0,0.0466893039049236,0.25806451612903225,0.6046511627906976,0.13793103448275862,-0.1210906174819567,0.0,0.0466893039049236,0.25806451612903225,0.7325581395348837,0.14942528735632185,-0.11895215183106121,1,0,34.0,0.3953488372093023,partial_assembly,0.1111111111111111,9,1,5,17.288900913828265,17.288900913828265,15.73307283423534,3,4,5996,0,191.55739569664001,94.03514266014099,97.35678744316101,86,7482,1.1494252873563218,85
140726_171539_agentic,"Agentic Evaluation (Yeast, esm_small, r100)",Yeast,100,3,545,36,20-49,1,1,0.0,0.025688073394495414,,0.02857142857142857,0.05555555555555555,0.044444444444444446,0.0,0.031192660550458717,0.39816513761467887,0.5714285714285714,0.25,-0.10158730158730159,0.0,0.03302752293577982,0.4165137614678899,0.7142857142857143,0.3888888888888889,0.3619047619047619,0.0,0.08623853211009175,0.4862385321100917,0.7714285714285715,0.3888888888888889,0.5936507936507937,0.0,0.08990825688073395,0.4862385321100917,0.8,0.4166666666666667,0.5936507936507937,1,0,7.999999999999999,0.22857142857142854,partial_assembly,0.4444444444444444,9,4,5,15.987539366577387,17.40827934663111,16.44293871848858,3,4,6327,0,57.565842628479004,49.25169110298157,8.165316343307495,35,1260,2.7777777777777777,30
140726_171539_agentic,"Agentic Evaluation (Yeast, esm_small, r100)",Yeast,100,4,347,31,20-49,1,1,0.0,0.008645533141210375,,0.0,0.03225806451612903,0.12258064516129032,0.0,0.8559077809798271,0.8184438040345822,0.8333333333333334,0.5806451612903226,0.7677419354838709,0.0,0.2507204610951009,0.7002881844380404,0.8,0.2903225806451613,0.5913978494623656,0.0,0.2507204610951009,0.42651296829971186,0.7666666666666667,0.2903225806451613,0.45806451612903226,0.0,0.8559077809798271,0.8386167146974064,0.8333333333333334,0.5806451612903226,0.789247311827957,1,0,6.999999999999998,0.23333333333333328,partial_assembly,0.14285714285714285,7,2,5,16.550966514545898,17.302265937015708,16.528278434953506,5,4,6114,0,50.522520542144775,41.24743437767029,9.12431812286377,30,930,3.225806451612903,31
140726_171539_agentic,"Agentic Evaluation (Yeast, esm_small, r100)",Yeast,100,5,170,8,5-9,1,1,0.0,0.5176470588235295,,0.0,0.125,-0.42857142857142855,0.0,0.9352941176470588,0.8705882352941177,0.7142857142857143,0.625,0.6428571428571429,1.0,1.0,1.0,1.0,1.0,1.0,1.0,1.0,1.0,1.0,1.0,1.0,1.0,1.0,1.0,1.0,1.0,1.0,1,0,0.0,0.0,exact,1.0,4,2,5,15.548088900596241,18.22634795307829,15.548088900596241,2,4,5984,0,43.473938941955566,40.34198188781738,2.9735097885131836,7,56,12.5,6
140726_171539_agentic,"Agentic Evaluation (Yeast, esm_small, r100)",Yeast,100,6,247,21,20-49,1,1,0.0,0.012145748987854251,,0.0,0.047619047619047616,-0.09523809523809523,0.0,0.5910931174089069,0.5991902834008097,0.7,0.5238095238095238,0.6666666666666666,0.0,0.5951417004048583,0.659919028340081,0.8,0.5238095238095238,0.7333333333333333,0.0,0.5910931174089069,0.8137651821862348,0.9,0.5238095238095238,0.9142857142857143,0.0,0.7530364372469636,0.8137651821862348,0.9,0.5238095238095238,0.9142857142857143,1,0,1.9999999999999996,0.09999999999999998,local_transposition,1.0,4,3,5,20.218931579864385,22.422269249695145,19.126435666364223,5,4,6177,0,50.682528018951416,44.48153567314148,6.04106593132019,0,420,0.0,19
140726_171539_agentic,"Agentic Evaluation (Yeast, esm_small, r100)",Yeast,100,7,572,36,20-49,1,1,0.0,0.15734265734265734,,0.08571428571428572,0.05555555555555555,0.08253968253968254,0.0,0.0472027972027972,0.2744755244755245,0.45714285714285713,0.1388888888888889,0.31746031746031744,0.0,0.40034965034965037,0.47902097902097907,0.7714285714285715,0.3055555555555556,0.6190476190476191,0.0,0.2674825174825175,0.30594405594405594,0.6285714285714286,0.1388888888888889,0.4095238095238095,0.0,0.2674825174825175,0.5734265734265734,0.6571428571428571,0.2222222222222222,0.4666666666666667,1,0,13.0,0.37142857142857144,partial_assembly,0.7,10,4,5,17.948138534480204,22.241072550657496,18.562989663919474,5,4,5868,0,59.10551619529724,44.21157455444336,14.729930639266968,35,1260,2.7777777777777777,29
140726_171539_agentic,"Agentic Evaluation (Yeast, esm_small, r100)",Yeast,100,8,769,60,50+,1,1,0.0,0.02860858257477243,,0.01694915254237288,0.03333333333333333,0.059887005649717516,0.0,0.3159947984395319,0.3719115734720416,0.6440677966101694,0.13333333333333333,0.4847457627118644,0.0,0.4538361508452536,0.40832249674902465,0.6610169491525424,0.15,0.5875706214689266,0.0,0.4538361508452536,0.40832249674902465,0.6610169491525424,0.15,0.5875706214689266,0.0,0.4538361508452536,0.41092327698309494,0.7288135593220338,0.18333333333333332,0.5875706214689266,1,0,20.0,0.3389830508474576,partial_assembly,0.3,10,4,5,15.509302552157152,16.21177229226463,15.509302552157152,4,4,6171,0,105.86303067207336,74.7030930519104,31.00337862968445,59,3540,1.6666666666666667,62
140726_171539_agentic,"Agentic Evaluation (Yeast, esm_small, r100)",Yeast,100,9,297,11,10-19,1,1,0.0,0.0,,0.1,0.18181818181818182,-0.2727272727272727,1.0,1.0,1.0,1.0,1.0,1.0,1.0,1.0,1.0,1.0,1.0,1.0,1.0,1.0,1.0,1.0,1.0,1.0,1.0,1.0,1.0,1.0,1.0,1.0,1,0,0.0,0.0,exact,,0,1,5,1.0,1.0,1.0,1,4,6404,0,46.115105628967285,42.832242250442505,3.132509708404541,10,110,9.090909090909092,10
140726_171539_agentic,"Agentic Evaluation (Yeast, esm_small, r100)",Yeast,100,10,657,52,50+,1,1,0.0,0.0,,0.0,0.019230769230769232,0.1085972850678733,0.0,0.1430745814307458,0.4292237442922374,0.6862745098039216,0.19230769230769232,0.5143288084464555,0.0,0.1430745814307458,0.4581430745814308,0.6862745098039216,0.17307692307692307,0.4358974358974359,0.0,0.1430745814307458,0.5372907153729072,0.7254901960784313,0.17307692307692307,0.39668174962292607,0.0,0.1430745814307458,0.6362252663622527,0.8627450980392157,0.36538461538461536,0.5852187028657617,1,0,14.000000000000002,0.27450980392156865,partial_assembly,0.2,10,4,5,15.397766890088626,17.28135491580759,15.853526852117247,3,4,6008,0,91.80854320526123,61.07062005996704,30.583275079727173,51,2652,1.9230769230769231,51
140726_171539_agentic,"Agentic Evaluation (Yeast, esm_small, r100)",Yeast,100,11,387,33,20-49,1,1,0.0,0.10077519379844961,,0.03125,0.06060606060606061,0.1856060606060606,0.0,0.4263565891472868,0.48578811369509045,0.65625,0.2727272727272727,0.09090909090909091,0.0,0.8191214470284238,0.6382428940568475,0.84375,0.5151515151515151,0.7613636363636364,0.0,0.9638242894056848,0.9276485788113695,0.90625,0.6060606060606061,0.8257575757575758,0.0,0.9638242894056848,0.9276485788113695,0.90625,0.6060606060606061,0.8446969696969697,1,0,3.0,0.09375,partial_assembly,0.8571428571428571,7,4,5,15.866800790872432,16.592536513411208,15.303903687079032,3,4,6193,0,58.67109441757202,50.05353879928589,8.464623928070068,32,1056,3.0303030303030303,30
140726_171539_agentic,"Agentic Evaluation (Yeast, esm_small, r100)",Yeast,100,12,261,13,10-19,1,1,0.0,0.10344827586206896,,0.0,0.07692307692307693,0.1282051282051282,0.0,0.7662835249042146,0.8084291187739463,0.75,0.6923076923076923,0.9487179487179487,0.0,0.8620689655172413,0.7241379310344828,0.8333333333333334,0.6923076923076923,0.9230769230769231,0.0,0.8620689655172413,0.7241379310344828,0.8333333333333334,0.6923076923076923,0.9230769230769231,0.0,0.8620689655172413,0.8084291187739463,0.8333333333333334,0.6923076923076923,0.9487179487179487,1,1,1.9999999999999996,0.16666666666666663,local_transposition,1.0,4,2,5,19.30074709119844,20.566126195046113,19.30074709119844,2,4,5875,0,37.33534836769104,32.90451240539551,4.280122756958008,0,156,0.0,10
140726_171539_agentic,"Agentic Evaluation (Yeast, esm_small, r100)",Yeast,100,13,254,12,10-19,1,1,0.0,0.3346456692913386,,0.0,0.08333333333333333,-0.09090909090909091,0.0,0.35039370078740156,0.4330708661417323,0.2727272727272727,0.25,0.3939393939393939,0.0,0.7795275590551181,0.6181102362204725,0.7272727272727273,0.5,0.8787878787878788,0.0,0.7795275590551181,0.6181102362204725,0.7272727272727273,0.5,0.8787878787878788,0.0,0.7795275590551181,0.6181102362204725,0.7272727272727273,0.5,0.8787878787878788,1,0,3.0,0.2727272727272727,partial_assembly,1.0,8,2,5,17.13919932746069,26.593423521956954,17.13919932746069,4,4,5912,0,41.28936171531677,38.1185257434845,3.014768362045288,11,132,8.333333333333332,6
140726_171539_agentic,"Agentic Evaluation (Yeast, esm_small, r100)",Yeast,100,14,1146,83,50+,1,1,0.0,0.005235602094240838,,0.04878048780487805,0.024096385542168676,0.0449603291213635,0.0,0.1980802792321117,0.3944153577661431,0.6463414634146342,0.14457831325301204,0.17308257419923598,0.0,0.19720767888307156,0.3673647469458988,0.6707317073170732,0.14457831325301204,0.27887158389656186,0.0,0.1980802792321117,0.418848167539267,0.6097560975609756,0.12048192771084337,0.317660887452248,0.0,0.20855148342059338,0.418848167539267,0.7682926829268293,0.26506024096385544,0.317660887452248,1,0,32.0,0.3902439024390244,partial_assembly,0.1111111111111111,9,4,5,15.892675789475799,17.083392326809548,15.794667143921325,2,4,5866,0,201.21794891357422,114.41989970207214,86.64739179611206,82,6806,1.2048192771084338,83
140726_171539_agentic,"Agentic Evaluation (Yeast, esm_small, r100)",Yeast,100,15,52,4,2-4,1,1,0.0,0.9807692307692307,,0.3333333333333333,0.5,0.6666666666666666,1.0,1.0,1.0,1.0,1.0,1.0,1.0,1.0,1.0,1.0,1.0,1.0,1.0,1.0,1.0,1.0,1.0,1.0,1.0,1.0,1.0,1.0,1.0,1.0,1,1,0.0,0.0,exact,,0,1,5,1.0,1.0,1.0,1,4,6179,0,34.64572834968567,33.18239665031433,1.3070292472839355,3,12,25.0,3
140726_171539_agentic,"Agentic Evaluation (Yeast, esm_small, r100)",Yeast,100,16,1094,84,50+,1,1,0.0,0.009140767824497258,,0.024096385542168676,0.023809523809523808,-0.0699942627653471,0.0,0.15447897623400367,0.3793418647166362,0.7108433734939759,0.17857142857142858,0.30349971313826735,0.0,0.25594149908592323,0.3610603290676416,0.6867469879518072,0.11904761904761904,0.3448078026391279,0.0,0.40493601462522855,0.46983546617915906,0.8192771084337349,0.19047619047619047,0.22719449225473323,0.0,0.40493601462522855,0.46983546617915906,0.8192771084337349,0.19047619047619047,0.30349971313826735,1,0,15.000000000000002,0.1807228915662651,partial_assembly,0.875,8,2,5,16.010874532030005,17.178760084459274,15.617948291161403,2,4,5877,0,212.69333910942078,120.18119740486145,92.34808611869812,83,6972,1.1904761904761905,86
140726_171539_agentic,"Agentic Evaluation (Yeast, esm_small, r100)",Yeast,100,17,140,6,5-9,1,1,0.0,0.8714285714285714,,0.0,0.16666666666666666,0.2,1.0,1.0,1.0,1.0,1.0,1.0,1.0,1.0,1.0,1.0,1.0,1.0,1.0,1.0,1.0,1.0,1.0,1.0,1.0,1.0,1.0,1.0,1.0,1.0,1,0,0.0,0.0,exact,,0,1,5,1.0,1.0,1.0,1,4,6461,0,40.9831006526947,38.88972210884094,1.9367332458496094,5,30,16.666666666666664,5
140726_171539_agentic,"Agentic Evaluation (Yeast, esm_small, r100)",Yeast,100,18,771,76,50+,1,1,0.0,0.007782101167315175,,0.02666666666666667,0.02631578947368421,0.0968421052631579,0.0,0.14007782101167315,0.3605706874189365,0.5866666666666667,0.14473684210526316,0.1880701754385965,0.0,0.14007782101167315,0.357976653696498,0.6,0.11842105263157894,0.28210526315789475,0.0,0.16861219195849547,0.39688715953307396,0.6666666666666666,0.19736842105263158,0.2231578947368421,0.0,0.16861219195849547,0.4539559014267186,0.6666666666666666,0.19736842105263158,0.2231578947368421,1,0,25.000000000000004,0.33333333333333337,partial_assembly,0.9,10,4,5,15.782426120555197,17.185080904860335,15.72707424698218,5,4,5909,0,139.03479433059692,97.69318008422852,41.19021701812744,75,5700,1.3157894736842104,77
140726_171539_agentic,"Agentic Evaluation (Yeast, esm_small, r100)",Yeast,100,19,189,20,20-49,1,1,0.0,0.3915343915343915,,0.0,0.05,-0.031578947368421054,0.0,0.5185185185185185,0.48677248677248675,0.42105263157894735,0.2,0.29473684210526313,0.0,0.5291005291005291,0.1957671957671958,0.631578947368421,0.2,0.11578947368421053,0.0,0.6031746031746031,0.28042328042328046,0.7368421052631579,0.65,0.29473684210526313,0.0,0.8783068783068783,0.8148148148148149,0.7368421052631579,0.65,0.6105263157894737,1,0,5.000000000000001,0.26315789473684215,partial_assembly,0.7142857142857143,7,4,5,22.9304050193705,24.697570604351874,20.268341430156376,3,4,5944,0,43.32366752624512,39.01250171661377,4.150083065032959,19,380,5.0,21
140726_171539_agentic,"Agentic Evaluation (Yeast, esm_small, r100)",Yeast,100,20,94,6,5-9,1,1,0.0,0.7446808510638298,,0.0,0.16666666666666666,-0.4666666666666667,1.0,1.0,1.0,1.0,1.0,1.0,1.0,1.0,1.0,1.0,1.0,1.0,1.0,1.0,1.0,1.0,1.0,1.0,1.0,1.0,1.0,1.0,1.0,1.0,1,0,0.0,0.0,exact,,0,1,5,1.0,1.0,1.0,1,4,6332,0,35.887484073638916,33.81151723861694,1.916707992553711,0,30,0.0,5
140726_171539_agentic,"Agentic Evaluation (Yeast, esm_small, r100)",Yeast,100,21,285,10,10-19,1,1,0.0,0.007017543859649123,,0.2222222222222222,0.2,0.1111111111111111,0.0,0.43859649122807015,0.4736842105263158,0.2222222222222222,0.3,0.4222222222222222,0.0,0.6842105263157895,0.5508771929824561,0.4444444444444444,0.4,0.37777777777777777,0.0,0.010526315789473684,0.35789473684210527,0.3333333333333333,0.3,0.06666666666666667,0.0,0.43859649122807015,0.4736842105263158,0.3333333333333333,0.3,0.4222222222222222,0,0,6.000000000000001,0.6666666666666667,wrong_start,1.0,4,3,5,16.34850156994803,20.530260348556194,16.475112599868996,2,4,5820,0,35.48718976974487,31.42209267616272,3.9181156158447266,9,90,10.0,3
140726_171539_agentic,"Agentic Evaluation (Yeast, esm_small, r100)",Yeast,100,22,608,40,20-49,1,1,0.0,0.011513157894736841,,0.0,0.025,0.08461538461538462,0.0,0.6101973684210527,0.7417763157894737,0.8717948717948718,0.575,0.7692307692307693,0.0,0.6924342105263158,0.7796052631578947,0.7948717948717948,0.65,0.8076923076923077,0.0,0.6924342105263158,0.7796052631578947,0.7948717948717948,0.65,0.8076923076923077,0.0,0.9457236842105263,0.8914473684210527,0.9487179487179487,0.65,0.9666666666666667,1,0,8.000000000000002,0.20512820512820518,partial_assembly,0.0,7,4,5,19.6332000100826,20.52661094236474,19.6332000100826,4,4,6279,0,61.280648946762085,45.77935814857483,15.333122253417969,39,1560,2.5,36
140726_171539_agentic,"Agentic Evaluation (Yeast, esm_small, r100)",Yeast,100,23,793,42,20-49,1,1,0.0,0.0,,0.0,0.023809523809523808,0.09639953542392567,0.0,0.4401008827238335,0.7616645649432534,0.8048780487804879,0.38095238095238093,0.667828106852497,0.0,0.4401008827238335,0.7490542244640606,0.7804878048780488,0.38095238095238093,0.6469221835075494,0.0,0.4401008827238335,0.8007566204287515,0.8536585365853658,0.38095238095238093,0.7677119628339141,1.0,1.0,1.0,1.0,1.0,1.0,1,0,6.000000000000001,0.14634146341463417,partial_assembly,0.4444444444444444,9,2,5,19.2383656253509,21.80184454361965,18.359983966866626,4,4,6067,0,78.43485617637634,60.53353452682495,17.758235454559326,41,1722,2.380952380952381,41
140726_171539_agentic,"Agentic Evaluation (Yeast, esm_small, r100)",Yeast,100,24,621,39,20-49,1,1,0.0,0.004830917874396135,,0.0,0.02564102564102564,-0.11201079622132254,0.0,0.05314009661835749,0.3059581320450886,0.6578947368421053,0.28205128205128205,0.3657219973009447,0.0,0.3333333333333333,0.3349436392914654,0.7105263157894737,0.1794871794871795,0.6356275303643725,0.0,0.11755233494363929,0.24798711755233493,0.6842105263157895,0.3076923076923077,0.4358974358974359,0.0,0.11916264090177134,0.3059581320450886,0.7105263157894737,0.3076923076923077,0.4358974358974359,1,0,12.0,0.3157894736842105,partial_assembly,0.7142857142857143,7,5,5,20.062555170239317,22.966744597719,20.030546802625235,3,4,5869,0,66.53667068481445,49.16369652748108,17.19778060913086,38,1482,2.564102564102564,38
140726_171539_agentic,"Agentic Evaluation (Yeast, esm_small, r100)",Yeast,100,25,2222,170,50+,1,1,0.0,0.0,,0.029585798816568046,0.01764705882352941,0.044204664114166375,0.0,0.030153015301530153,0.3325832583258326,0.41420118343195267,0.06470588235294118,0.24622345979812044,0.0,0.030153015301530153,0.283078307830783,0.46153846153846156,0.06470588235294118,0.17479986077271145,0.0,0.00045004500450045,0.3532853285328533,0.650887573964497,0.08235294117647059,0.24608423250957187,0.0,0.030153015301530153,0.3532853285328533,0.650887573964497,0.08823529411764706,0.24622345979812044,0,0,59.0,0.34911242603550297,wrong_start,0.9,10,5,5,16.806123438635723,19.065123873686094,17.420125613900904,5,4,6194,0,1042.9675123691559,681.0095591545105,361.7885739803314,169,28730,0.5882352941176471,178
140726_171539_agentic,"Agentic Evaluation (Yeast, esm_small, r100)",Yeast,100,26,339,24,20-49,1,1,0.0,0.0,,0.043478260869565216,0.08333333333333333,0.028985507246376812,0.0,0.6607669616519174,0.9882005899705015,0.9565217391304348,0.7916666666666666,0.9710144927536232,1.0,1.0,1.0,1.0,1.0,1.0,1.0,1.0,1.0,1.0,1.0,1.0,1.0,1.0,1.0,1.0,1.0,1.0,1,0,0.0,0.0,exact,0.8,10,3,5,11.682846637722706,13.747748836727343,11.682846637722706,2,4,6138,0,51.70556902885437,41.884822368621826,9.668091773986816,23,552,4.166666666666666,27
140726_171539_agentic,"Agentic Evaluation (Yeast, esm_small, r100)",Yeast,100,27,567,49,20-49,1,1,0.0,0.0,,0.041666666666666664,0.04081632653061224,0.04931972789115646,0.0,0.03880070546737213,0.199294532627866,0.5625,0.1836734693877551,0.2193877551020408,0.0,0.001763668430335097,0.2663139329805997,0.7708333333333334,0.16326530612244897,-0.017006802721088437,0.0,0.001763668430335097,0.2663139329805997,0.7708333333333334,0.16326530612244897,-0.017006802721088437,0.0,0.03880070546737213,0.3315696649029982,0.7708333333333334,0.24489795918367346,0.2193877551020408,0,0,10.999999999999998,0.22916666666666663,wrong_start,0.9,10,5,5,19.702015033333396,21.834596382782014,19.702015033333396,4,4,5922,0,107.62022590637207,78.51109528541565,28.975608587265015,48,2352,2.0408163265306123,50
140726_171539_agentic,"Agentic Evaluation (Yeast, esm_small, r100)",Yeast,100,28,643,49,20-49,1,1,0.0,0.015552099533437015,,0.0,0.02040816326530612,-0.09183673469387756,0.0,0.2534992223950233,0.2457231726283048,0.5208333333333334,0.12244897959183673,0.14625850340136054,0.0,0.4199066874027994,0.3421461897356143,0.6458333333333334,0.16326530612244897,0.5034013605442177,0.0,0.49922239502332816,0.3483670295489891,0.6875,0.20408163265306123,0.5952380952380952,0.0,0.49922239502332816,0.4914463452566097,0.75,0.30612244897959184,0.5952380952380952,1,0,15.0,0.3125,partial_assembly,0.5,8,3,5,16.134644844384347,20.82324052304678,16.778765433009703,4,4,5577,0,80.86561512947083,59.961227893829346,20.745516538619995,48,2352,2.0408163265306123,48
140726_171539_agentic,"Agentic Evaluation (Yeast, esm_small, r100)",Yeast,100,29,828,55,50+,1,1,0.0,0.04589371980676329,,0.037037037037037035,0.03636363636363636,-0.08148148148148149,0.0,0.11956521739130435,0.41666666666666663,0.5925925925925926,0.14545454545454545,0.20942760942760943,0.0,0.11956521739130435,0.3442028985507246,0.5925925925925926,0.16363636363636364,0.2808080808080808,0.0,0.11956521739130435,0.32367149758454106,0.7407407407407407,0.2545454545454545,0.1569023569023569,0.0,0.11956521739130435,0.41666666666666663,0.7592592592592593,0.3090909090909091,0.27003367003367,1,0,14.000000000000002,0.2592592592592593,partial_assembly,0.8888888888888888,9,3,5,15.091216383188069,18.508881421404006,17.170993469836176,2,4,5796,0,115.7940366268158,93.41904616355896,22.219982385635376,54,2970,1.8181818181818181,52
140726_171539_agentic,"Agentic Evaluation (Yeast, esm_small, r100)",Yeast,100,30,258,8,5-9,1,1,0.0,0.015503875968992248,,0.14285714285714285,0.25,-0.21428571428571427,0.0,0.5581395348837209,0.5348837209302326,0.2857142857142857,0.25,0.35714285714285715,0.0,0.5581395348837209,0.5310077519379846,0.2857142857142857,0.25,0.0,0.0,0.5581395348837209,0.6201550387596899,0.5714285714285714,0.625,0.9285714285714286,1.0,1.0,1.0,1.0,1.0,1.0,1,0,3.0,0.42857142857142855,partial_assembly,0.75,8,2,5,23.207687145854226,27.776058423960674,25.306752857384136,5,4,6007,0,38.4529550075531,34.52062439918518,3.7961461544036865,7,56,12.5,4
140726_171539_agentic,"Agentic Evaluation (Yeast, esm_small, r100)",Yeast,100,31,111,4,2-4,1,1,0.0,0.8828828828828829,,0.0,0.25,-1.0,1.0,1.0,1.0,1.0,1.0,1.0,1.0,1.0,1.0,1.0,1.0,1.0,1.0,1.0,1.0,1.0,1.0,1.0,1.0,1.0,1.0,1.0,1.0,1.0,1,0,0.0,0.0,exact,,0,1,5,17.953656148979043,17.953656148979043,17.953656148979043,1,4,6310,0,40.24589443206787,37.4910306930542,2.62164568901062,3,12,25.0,2
140726_171539_agentic,"Agentic Evaluation (Yeast, esm_small, r100)",Yeast,100,32,60,4,2-4,1,1,0.0,0.8833333333333333,,0.3333333333333333,0.5,-0.6666666666666666,0.0,0.8833333333333333,0.7666666666666666,0.3333333333333333,0.5,0.3333333333333333,1.0,1.0,1.0,1.0,1.0,1.0,1.0,1.0,1.0,1.0,1.0,1.0,1.0,1.0,1.0,1.0,1.0,1.0,1,0,0.0,0.0,exact,1.0,4,2,5,19.167041856000942,24.5121633820068,19.167041856000942,4,4,5954,0,32.322482109069824,29.684581518173218,2.4969687461853027,3,12,25.0,2
140726_171539_agentic,"Agentic Evaluation (Yeast, esm_small, r100)",Yeast,100,33,412,28,20-49,1,1,0.0,0.06553398058252427,,0.0,0.03571428571428571,-0.20634920634920634,0.0,0.6310679611650486,0.604368932038835,0.7777777777777778,0.32142857142857145,0.746031746031746,0.0,0.9805825242718447,0.9611650485436893,0.8148148148148148,0.32142857142857145,0.8624338624338624,0.0,0.9029126213592233,0.9004854368932039,0.7777777777777778,0.2857142857142857,0.8253968253968254,0.0,0.9029126213592233,0.9004854368932039,0.8518518518518519,0.6071428571428571,0.9417989417989417,1,0,6.0,0.2222222222222222,partial_assembly,0.0,6,2,5,13.581915923547884,15.214472196243007,12.483374229724383,4,4,5793,0,48.33385372161865,37.46045207977295,10.72792387008667,27,756,3.571428571428571,25
140726_171539_agentic,"Agentic Evaluation (Yeast, esm_small, r100)",Yeast,100,34,457,31,20-49,1,1,0.0,0.01312910284463895,,0.03333333333333333,0.06451612903225806,0.01935483870967742,0.0,0.14660831509846828,0.4967177242888403,0.5333333333333333,0.3225806451612903,0.535483870967742,0.0,0.06564551422319474,0.43982494529540483,0.6333333333333333,0.3548387096774194,0.46236559139784944,0.0,0.0700218818380744,0.4967177242888403,0.6333333333333333,0.3548387096774194,0.3720430107526882,0.0,0.14660831509846828,0.6017505470459519,0.6333333333333333,0.3548387096774194,0.5483870967741935,1,0,11.0,0.36666666666666664,partial_assembly,0.75,8,2,5,12.636095368323865,14.9172110264645,13.469086563184016,4,4,6192,0,79.71941351890564,61.228034019470215,18.333880186080933,30,930,3.225806451612903,28
140726_171539_agentic,"Agentic Evaluation (Yeast, esm_small, r100)",Yeast,100,35,341,24,20-49,1,1,0.0,0.0,,0.043478260869565216,0.08333333333333333,-0.09420289855072464,0.0,0.2903225806451613,0.43988269794721413,0.6521739130434783,0.4583333333333333,0.7028985507246377,0.0,0.2316715542521994,0.7243401759530792,0.782608695652174,0.4166666666666667,0.8188405797101449,0.0,0.2316715542521994,0.7243401759530792,0.782608695652174,0.4166666666666667,0.8188405797101449,0.0,0.2903225806451613,0.8768328445747801,0.9130434782608695,0.4583333333333333,0.8695652173913043,1,0,4.999999999999999,0.21739130434782605,partial_assembly,0.7142857142857143,7,2,5,13.36242259419937,15.446898858973293,13.36242259419937,2,4,6357,0,54.08864760398865,45.67494201660156,8.257671117782593,23,552,4.166666666666666,23
140726_171539_agentic,"Agentic Evaluation (Yeast, esm_small, r100)",Yeast,100,36,373,29,20-49,1,1,0.0,0.021447721179624665,,0.03571428571428571,0.06896551724137931,-0.18226600985221675,0.0,0.4343163538873995,0.4772117962466488,0.6428571428571429,0.20689655172413793,0.5024630541871922,0.0,0.6595174262734584,0.7184986595174263,0.7142857142857143,0.3448275862068966,0.7536945812807881,0.0,0.7131367292225201,0.517426273458445,0.75,0.3793103448275862,0.41379310344827586,0.0,0.7131367292225201,0.517426273458445,0.8214285714285714,0.5172413793103449,0.5024630541871922,1,0,7.0,0.25,partial_assembly,0.5555555555555556,9,3,5,15.251883240839222,15.635233646819104,13.961224817211816,2,4,6142,0,54.637627601623535,45.156468868255615,9.346596479415894,28,812,3.4482758620689653,24
140726_171539_agentic,"Agentic Evaluation (Yeast, esm_small, r100)",Yeast,100,37,342,25,20-49,1,1,0.0,0.017543859649122806,,0.125,0.08,-0.14,0.0,0.6783625730994152,0.49122807017543857,0.7083333333333334,0.48,0.38666666666666666,0.0,0.8625730994152047,0.7251461988304093,0.875,0.48,0.7533333333333333,0.0,0.5526315789473685,0.52046783625731,0.8333333333333334,0.28,0.3466666666666667,0.0,0.8625730994152047,0.7251461988304093,0.8333333333333334,0.48,0.76,1,0,3.999999999999999,0.16666666666666663,partial_assembly,0.7142857142857143,7,2,5,17.70420092396198,18.7869745297756,18.254009727222236,2,4,6052,0,52.269965410232544,44.59223914146423,7.524508714675903,24,600,4.0,22
140726_171539_agentic,"Agentic Evaluation (Yeast, esm_small, r100)",Yeast,100,38,188,22,20-49,1,1,0.0,0.4148936170212766,,0.047619047619047616,0.09090909090909091,0.1341991341991342,0.0,0.7127659574468085,0.4787234042553191,0.7619047619047619,0.5454545454545454,0.7056277056277056,0.0,0.8563829787234043,0.7127659574468085,0.8571428571428571,0.5454545454545454,0.9134199134199135,0.0,0.7127659574468085,0.4787234042553191,0.7619047619047619,0.5454545454545454,0.7056277056277056,1.0,1.0,1.0,1.0,1.0,1.0,1,0,5.000000000000001,0.23809523809523814,partial_assembly,0.4444444444444444,9,1,5,17.770006351089688,17.770006351089688,16.97361139140434,2,4,5991,0,39.002450942993164,33.38024878501892,5.480868101119995,21,462,4.545454545454546,24
140726_171539_agentic,"Agentic Evaluation (Yeast, esm_small, r100)",Yeast,100,39,687,43,20-49,1,1,0.0,0.0,,0.023809523809523808,0.046511627906976744,-0.11406423034330011,0.0,0.5691411935953421,0.6550218340611353,0.7619047619047619,0.5581395348837209,0.7652270210409745,0.0,0.5691411935953421,0.6724890829694323,0.7380952380952381,0.5581395348837209,0.7962347729789591,0.0,0.5691411935953421,0.7219796215429404,0.7857142857142857,0.5581395348837209,0.7984496124031008,0.0,0.5691411935953421,0.8806404657933042,0.8095238095238095,0.5581395348837209,0.9313399778516057,1,0,9.0,0.21428571428571427,partial_assembly,0.625,8,5,5,16.68724237348951,18.263486818444,16.291870403984298,4,4,5744,0,109.54128432273865,77.731201171875,31.66267704963684,42,1806,2.3255813953488373,43
140726_171539_agentic,"Agentic Evaluation (Yeast, esm_small, r100)",Yeast,100,40,162,22,20-49,1,1,0.0,0.4444444444444444,,0.0,0.045454545454545456,0.08225108225108226,0.0,0.7962962962962963,0.7530864197530864,0.6190476190476191,0.4090909090909091,0.37662337662337664,0.0,0.691358024691358,0.4012345679012346,0.5714285714285714,0.22727272727272727,0.42857142857142855,0.0,0.7962962962962963,0.7530864197530864,0.6190476190476191,0.4090909090909091,0.37662337662337664,0.0,0.7962962962962963,0.7530864197530864,0.6666666666666666,0.45454545454545453,0.7056277056277056,1,0,8.0,0.38095238095238093,partial_assembly,0.25,4,1,5,16.22269587676327,16.22269587676327,15.684529385180124,4,4,6085,0,41.624515533447266,36.55692529678345,4.9322967529296875,21,462,4.545454545454546,20
140726_171539_agentic,"Agentic Evaluation (Yeast, esm_small, r100)",Yeast,100,41,720,50,50+,1,1,0.0,0.0763888888888889,,0.02040816326530612,0.04,-0.08571428571428572,0.0,0.09444444444444444,0.23888888888888893,0.46938775510204084,0.14,-0.054693877551020405,0.0,0.11666666666666667,0.3916666666666667,0.7346938775510204,0.2,-0.10693877551020409,0.0,0.10833333333333334,0.25416666666666665,0.7346938775510204,0.4,0.04979591836734694,0.0,0.1486111111111111,0.4305555555555556,0.7346938775510204,0.4,0.04979591836734694,0,0,12.999999999999998,0.26530612244897955,wrong_start,0.7777777777777778,9,5,5,15.366138509416265,17.151132423115495,14.50421376824009,4,4,5933,0,95.77868223190308,69.84193110466003,25.783512353897095,0,2450,0.0,46
140726_171539_agentic,"Agentic Evaluation (Yeast, esm_small, r100)",Yeast,100,42,520,36,20-49,1,1,0.0,0.09615384615384616,,0.0,0.027777777777777776,-0.07301587301587302,0.0,0.5769230769230769,0.32692307692307687,0.8,0.2222222222222222,0.30158730158730157,0.0,0.5903846153846154,0.3173076923076923,0.8,0.3055555555555556,0.24126984126984127,0.0,0.47115384615384615,0.525,0.8571428571428571,0.2777777777777778,0.19365079365079366,1.0,1.0,1.0,1.0,1.0,1.0,1,0,5.000000000000002,0.1428571428571429,partial_assembly,0.3,10,5,5,13.977306791841054,14.874798573710528,14.791204888339127,2,4,6135,0,70.8794813156128,58.307366609573364,12.429592370986938,0,1260,0.0,33
140726_171539_agentic,"Agentic Evaluation (Yeast, esm_small, r100)",Yeast,100,43,135,13,10-19,1,1,0.0,0.4,,0.08333333333333333,0.15384615384615385,-0.05128205128205128,1.0,1.0,1.0,1.0,1.0,1.0,1.0,1.0,1.0,1.0,1.0,1.0,1.0,1.0,1.0,1.0,1.0,1.0,1.0,1.0,1.0,1.0,1.0,1.0,1,0,0.0,0.0,exact,,0,1,5,1.0,1.0,1.0,1,4,6593,0,47.34210014343262,45.20788908004761,1.987060546875,12,156,7.6923076923076925,12
140726_171539_agentic,"Agentic Evaluation (Yeast, esm_small, r100)",Yeast,100,44,174,21,20-49,1,1,0.0,0.3793103448275862,,0.05,0.09523809523809523,0.0,0.0,0.7873563218390804,0.6896551724137931,0.85,0.38095238095238093,0.5523809523809524,1.0,1.0,1.0,1.0,1.0,1.0,1.0,1.0,1.0,1.0,1.0,1.0,1.0,1.0,1.0,1.0,1.0,1.0,1,0,0.0,0.0,exact,0.75,8,3,5,12.489720175815709,14.053365268494245,12.489720175815709,3,4,6096,0,43.76327586174011,38.93762969970703,4.691543340682983,0,420,0.0,18
140726_171539_agentic,"Agentic Evaluation (Yeast, esm_small, r100)",Yeast,100,45,177,9,5-9,1,1,0.0,0.3389830508474576,,0.0,0.1111111111111111,-0.3888888888888889,0.0,0.7796610169491526,0.6271186440677966,0.625,0.6666666666666666,0.2777777777777778,1.0,1.0,1.0,1.0,1.0,1.0,1.0,1.0,1.0,1.0,1.0,1.0,1.0,1.0,1.0,1.0,1.0,1.0,1,0,0.0,0.0,exact,1.0,4,2,5,18.277168212737013,24.705125191496762,18.277168212737013,3,4,6057,0,42.12604355812073,38.751238107681274,3.2294678688049316,8,72,11.11111111111111,6
140726_171539_agentic,"Agentic Evaluation (Yeast, esm_small, r100)",Yeast,100,46,491,37,20-49,1,1,0.0,0.05091649694501019,,0.027777777777777776,0.05405405405405406,0.27627627627627627,0.0,0.329938900203666,0.6293279022403259,0.5277777777777778,0.24324324324324326,0.3933933933933934,0.0,0.329938900203666,0.4745417515274949,0.6944444444444444,0.24324324324324326,0.3183183183183183,0.0,0.43584521384928715,0.49490835030549896,0.6388888888888888,0.24324324324324326,0.5375375375375375,0.0,0.43584521384928715,0.6293279022403259,0.6666666666666666,0.24324324324324326,0.5375375375375375,1,0,13.000000000000002,0.36111111111111116,partial_assembly,0.7142857142857143,7,4,5,18.05176156251634,19.13276453729149,16.724908694464435,4,4,5854,0,75.16353392601013,58.166980028152466,16.8527991771698,36,1332,2.7027027027027026,40
140726_171539_agentic,"Agentic Evaluation (Yeast, esm_small, r100)",Yeast,100,47,900,71,50+,1,1,0.0,0.04111111111111111,,0.1,0.028169014084507043,0.14688128772635814,0.0,0.20444444444444446,0.3455555555555555,0.5571428571428572,0.16901408450704225,0.4044265593561368,0.0,0.20444444444444446,0.3455555555555555,0.5571428571428572,0.16901408450704225,0.4044265593561368,0.0,0.06222222222222222,0.16888888888888887,0.7142857142857143,0.16901408450704225,0.07847082494969819,0.0,0.20444444444444446,0.3455555555555555,0.7142857142857143,0.16901408450704225,0.4044265593561368,0,0,20.0,0.2857142857142857,wrong_start,0.75,8,2,5,14.317798108165308,15.290804794062888,15.290804794062888,1,4,5799,0,187.57860946655273,131.70175337791443,55.72054982185364,0,4970,0.0,74
140726_171539_agentic,"Agentic Evaluation (Yeast, esm_small, r100)",Yeast,100,48,338,22,20-49,1,1,0.0,0.2988165680473373,,0.14285714285714285,0.09090909090909091,0.2987012987012987,0.0,0.7218934911242604,0.44674556213017746,0.8095238095238095,0.45454545454545453,0.8441558441558441,0.0,0.6153846153846154,0.40828402366863903,0.9047619047619048,0.45454545454545453,0.7229437229437229,0.0,0.6153846153846154,0.40828402366863903,0.9047619047619048,0.45454545454545453,0.7229437229437229,1.0,1.0,1.0,1.0,1.0,1.0,1,0,2.0,0.09523809523809523,partial_assembly,0.5714285714285714,7,2,5,15.95153736437553,21.024149632615515,15.95153736437553,3,4,5750,0,51.40207362174988,43.1194224357605,8.142249345779419,0,462,0.0,19
140726_171539_agentic,"Agentic Evaluation (Yeast, esm_small, r100)",Yeast,100,49,334,29,20-49,1,1,0.0,0.11676646706586827,,0.07142857142857142,0.06896551724137931,-0.08866995073891626,0.0,0.32335329341317365,0.49401197604790414,0.6785714285714286,0.41379310344827586,0.7389162561576355,0.0,0.6407185628742516,0.5808383233532934,0.8214285714285714,0.3793103448275862,0.8078817733990148,0.0,0.6407185628742516,0.5808383233532934,0.8214285714285714,0.3793103448275862,0.8078817733990148,0.0,0.8353293413173652,0.7425149700598803,0.8214285714285714,0.41379310344827586,0.8078817733990148,1,0,5.000000000000001,0.1785714285714286,partial_assembly,0.8571428571428571,7,5,5,17.490525162934727,18.407084351001,17.490525162934727,4,4,6113,0,64.25781321525574,54.489728689193726,9.627178430557251,28,812,3.4482758620689653,26
140726_171539_agentic,"Agentic Evaluation (Yeast, esm_small, r100)",Yeast,100,50,469,25,20-49,1,1,0.0,0.1044776119402985,,0.08333333333333333,0.08,0.013333333333333334,0.0,0.3390191897654584,0.7526652452025586,0.7916666666666666,0.44,0.47333333333333333,0.0,0.3816631130063966,0.7526652452025586,0.8333333333333334,0.36,0.5866666666666667,0.0,0.3816631130063966,0.7526652452025586,0.8333333333333334,0.4,0.5466666666666666,1.0,1.0,1.0,1.0,1.0,1.0,1,0,3.999999999999999,0.16666666666666663,partial_assembly,0.25,8,2,5,10.917786019642552,13.487731579914746,10.772554502994756,2,4,5870,0,58.17669367790222,45.91463303565979,12.116762638092041,24,600,4.0,23
140726_171539_agentic,"Agentic Evaluation (Yeast, esm_small, r100)",Yeast,100,51,416,28,20-49,1,1,0.0,0.10096153846153846,,0.037037037037037035,0.07142857142857142,0.07936507936507936,0.0,0.7115384615384616,0.53125,0.8148148148148148,0.35714285714285715,0.47619047619047616,0.0,0.5528846153846154,0.42307692307692313,0.8148148148148148,0.2857142857142857,0.4021164021164021,0.0,0.7115384615384616,0.53125,0.8148148148148148,0.35714285714285715,0.47619047619047616,0.0,0.9879807692307693,0.9903846153846154,0.9259259259259259,0.9285714285714286,0.9947089947089947,1,0,5.000000000000001,0.18518518518518523,partial_assembly,0.4444444444444444,9,1,5,16.476744260401617,16.476744260401617,14.420733944308537,4,4,6081,0,56.47216439247131,41.01537370681763,15.273353338241577,27,756,3.571428571428571,26
140726_171539_agentic,"Agentic Evaluation (Yeast, esm_small, r100)",Yeast,100,52,554,45,20-49,1,1,0.0,0.0812274368231047,,0.022727272727272728,0.044444444444444446,0.028282828282828285,0.0,0.14620938628158844,0.3862815884476535,0.5909090909090909,0.13333333333333333,-0.15151515151515152,0.0,0.14620938628158844,0.3862815884476535,0.5909090909090909,0.13333333333333333,-0.15151515151515152,0.0,0.14620938628158844,0.3862815884476535,0.5909090909090909,0.13333333333333333,-0.15151515151515152,0.0,0.14620938628158844,0.46570397111913353,0.6818181818181818,0.4222222222222222,0.39595959595959596,1,0,18.0,0.4090909090909091,partial_assembly,0.4,10,1,5,18.45096297911283,18.45096297911283,18.45096297911283,1,4,6306,0,75.44410586357117,50.57084536552429,24.707998752593994,44,1980,2.2222222222222223,42
140726_171539_agentic,"Agentic Evaluation (Yeast, esm_small, r100)",Yeast,100,53,500,33,20-49,1,1,0.0,0.15,,0.03125,0.06060606060606061,-0.03409090909090909,0.0,0.636,0.688,0.75,0.5757575757575758,0.7310606060606061,0.0,0.636,0.688,0.78125,0.5757575757575758,0.8106060606060606,0.0,0.674,0.7,0.90625,0.36363636363636365,0.7348484848484849,1.0,1.0,1.0,1.0,1.0,1.0,1,0,3.0,0.09375,partial_assembly,0.5714285714285714,7,5,5,14.286313684223284,18.34316202465386,15.398530849086514,2,4,5990,0,87.81877827644348,65.02487254142761,22.61433243751526,32,1056,3.0303030303030303,30
140726_171539_agentic,"Agentic Evaluation (Yeast, esm_small, r100)",Yeast,100,54,290,15,10-19,1,1,0.0,0.5482758620689655,,0.14285714285714285,0.2,0.3142857142857143,0.0,0.996551724137931,0.993103448275862,0.8571428571428571,0.8,0.9809523809523809,0.0,0.996551724137931,0.993103448275862,0.8571428571428571,0.8,0.9809523809523809,0.0,0.996551724137931,0.993103448275862,0.8571428571428571,0.8,0.9809523809523809,0.0,0.996551724137931,0.993103448275862,0.8571428571428571,0.8,0.9809523809523809,1,0,2.000000000000001,0.14285714285714293,partial_assembly,,0,1,5,13.03699947437842,13.03699947437842,13.03699947437842,1,4,5818,0,44.99362516403198,41.18243932723999,3.6376445293426514,0,210,0.0,14
140726_171539_agentic,"Agentic Evaluation (Yeast, esm_small, r100)",Yeast,100,55,119,14,10-19,1,1,0.0,0.7142857142857143,,0.23076923076923078,0.21428571428571427,0.25274725274725274,1.0,1.0,1.0,1.0,1.0,1.0,1.0,1.0,1.0,1.0,1.0,1.0,1.0,1.0,1.0,1.0,1.0,1.0,1.0,1.0,1.0,1.0,1.0,1.0,1,0,0.0,0.0,exact,,0,1,5,1.0535714285714286,1.0535714285714286,1.0535714285714286,1,4,6184,0,39.92845559120178,37.71598792076111,2.048511266708374,13,182,7.142857142857142,14
140726_171539_agentic,"Agentic Evaluation (Yeast, esm_small, r100)",Yeast,100,56,226,27,20-49,1,1,0.0,0.24336283185840707,,0.11538461538461539,0.07407407407407407,0.19658119658119658,0.0,0.42035398230088494,0.4823008849557522,0.46153846153846156,0.25925925925925924,0.50997150997151,0.0,0.6902654867256637,0.5176991150442478,0.5384615384615384,0.25925925925925924,0.4017094017094017,0.0,0.42035398230088494,0.4823008849557522,0.46153846153846156,0.25925925925925924,0.50997150997151,0.0,0.5221238938053098,0.4823008849557522,0.5769230769230769,0.25925925925925924,0.5384615384615384,1,0,14.0,0.5384615384615384,partial_assembly,0.375,8,1,5,16.720294594173435,16.720294594173435,15.128406401753525,2,4,5805,0,44.65318775177002,36.15620183944702,8.33424687385559,26,702,3.7037037037037033,31
140726_171539_agentic,"Agentic Evaluation (Yeast, esm_small, r100)",Yeast,100,57,225,18,10-19,1,1,0.0,0.022222222222222223,,0.058823529411764705,0.1111111111111111,-0.08496732026143791,0.0,0.22666666666666666,0.3288888888888889,0.8823529411764706,0.5,0.4117647058823529,0.0,0.22666666666666666,0.3422222222222222,0.7647058823529411,0.5,0.3202614379084967,0.0,0.22666666666666666,0.3288888888888889,0.8823529411764706,0.5,0.4117647058823529,1.0,1.0,1.0,1.0,1.0,1.0,1,0,2.0000000000000004,0.11764705882352944,partial_assembly,0.5,8,1,5,17.01897035954608,17.01897035954608,16.91005587747206,3,4,6439,0,47.89745497703552,41.851513624191284,5.86978554725647,0,306,0.0,17
140726_171539_agentic,"Agentic Evaluation (Yeast, esm_small, r100)",Yeast,100,58,649,44,20-49,1,1,0.0,0.0,,0.023255813953488372,0.045454545454545456,0.25158562367864695,0.0,0.08782742681047766,0.30816640986132515,0.5813953488372093,0.18181818181818182,0.3403805496828753,0.0,0.01078582434514638,0.45146379044684126,0.7209302325581395,0.2727272727272727,0.32346723044397463,0.0,0.01078582434514638,0.35593220338983056,0.6511627906976745,0.20454545454545456,0.5750528541226215,0.0,0.08782742681047766,0.35593220338983056,0.6511627906976745,0.20454545454545456,0.5750528541226215,1,0,14.999999999999998,0.34883720930232553,partial_assembly,0.6666666666666666,9,2,5,13.690113240703903,16.85819031946653,14.06891105306334,3,4,6081,0,97.21703886985779,73.30322790145874,23.73836874961853,43,1892,2.272727272727273,41
140726_171539_agentic,"Agentic Evaluation (Yeast, esm_small, r100)",Yeast,100,59,266,22,20-49,1,1,0.0,0.0,,0.047619047619047616,0.09090909090909091,0.21212121212121213,0.0,0.06390977443609022,0.20676691729323304,0.47619047619047616,0.18181818181818182,0.08225108225108226,0.0,0.06390977443609022,0.37593984962406013,0.5714285714285714,0.22727272727272727,0.2554112554112554,0.0,0.06390977443609022,0.5639097744360902,0.8095238095238095,0.4090909090909091,0.12554112554112554,0.0,0.06390977443609022,0.5639097744360902,0.8095238095238095,0.4090909090909091,0.12554112554112554,1,0,4.0,0.19047619047619047,partial_assembly,0.8,10,4,5,19.665135753838513,23.87886351236797,21.70961646604423,5,4,5788,0,51.92606830596924,42.06039834022522,9.701629400253296,21,462,4.545454545454546,23
140726_171539_agentic,"Agentic Evaluation (Yeast, esm_small, r100)",Yeast,100,60,394,27,20-49,1,1,0.0,0.07614213197969544,,0.0,0.037037037037037035,-0.07122507122507123,0.0,0.17258883248730963,0.5431472081218274,0.6923076923076923,0.2222222222222222,-0.02564102564102564,0.0,0.24619289340101522,0.24111675126903553,0.7307692307692307,0.48148148148148145,0.1737891737891738,0.0,0.24619289340101522,0.24111675126903553,0.7307692307692307,0.48148148148148145,0.1737891737891738,0.0,0.24619289340101522,0.5431472081218274,0.7692307692307693,0.48148148148148145,0.1737891737891738,1,0,7.000000000000001,0.2692307692307693,partial_assembly,0.375,8,5,5,16.02189959352173,19.29899025936424,16.02189959352173,4,4,6170,0,50.953885555267334,40.42643666267395,10.358921766281128,26,702,3.7037037037037033,30
140726_171539_agentic,"Agentic Evaluation (Yeast, esm_small, r100)",Yeast,100,61,73,13,10-19,1,1,0.0,0.7808219178082192,,0.16666666666666666,0.15384615384615385,0.1794871794871795,1.0,1.0,1.0,1.0,1.0,1.0,1.0,1.0,1.0,1.0,1.0,1.0,1.0,1.0,1.0,1.0,1.0,1.0,1.0,1.0,1.0,1.0,1.0,1.0,1,0,0.0,0.0,exact,,0,1,5,1.0,1.0,1.0,1,4,6296,0,34.042320728302,31.17861795425415,2.695312738418579,12,156,7.6923076923076925,12
140726_171539_agentic,"Agentic Evaluation (Yeast, esm_small, r100)",Yeast,100,62,297,21,20-49,1,1,0.0,0.006734006734006734,,0.0,0.047619047619047616,-0.2,1.0,1.0,1.0,1.0,1.0,1.0,1.0,1.0,1.0,1.0,1.0,1.0,1.0,1.0,1.0,1.0,1.0,1.0,1.0,1.0,1.0,1.0,1.0,1.0,1,0,0.0,0.0,exact,,0,1,5,1.0,1.0,1.0,1,4,6447,0,50.39296841621399,47.25609469413757,2.974652051925659,20,420,4.761904761904762,20
140726_171539_agentic,"Agentic Evaluation (Yeast, esm_small, r100)",Yeast,100,63,1000,69,50+,1,1,0.0,0.022,,0.0,0.014492753623188406,0.0733162830349531,0.0,0.178,0.30400000000000005,0.5882352941176471,0.17391304347826086,0.3955669224211424,0.0,0.011,0.33599999999999997,0.6617647058823529,0.17391304347826086,-0.13384484228473997,0.0,0.093,0.44999999999999996,0.7352941176470589,0.21739130434782608,0.12276214833759591,0.0,0.178,0.44999999999999996,0.7352941176470589,0.21739130434782608,0.3955669224211424,0,0,17.999999999999996,0.2647058823529411,wrong_start,0.9,10,4,5,14.497175793649099,16.96811444564386,14.702081277201703,3,4,5930,0,246.10623717308044,180.70180439949036,65.22770714759827,68,4692,1.4492753623188406,69
140726_171539_agentic,"Agentic Evaluation (Yeast, esm_small, r100)",Yeast,100,64,1309,104,50+,1,1,0.0,0.02291825821237586,,0.0,0.009615384615384616,0.04817027632561613,0.0,0.12070282658517953,0.280366692131398,0.5339805825242718,0.08653846153846154,0.12247946228528753,0.0,0.2711993888464477,0.4140565317035906,0.6213592233009708,0.15384615384615385,0.3286034353995519,0.0,0.39113827349121466,0.4056531703590527,0.7669902912621359,0.15384615384615385,0.5197908887229276,0.0,0.4079449961802903,0.43544690603514136,0.7669902912621359,0.15384615384615385,0.5197908887229276,1,0,24.0,0.23300970873786409,partial_assembly,1.0,10,5,5,16.27354097582282,19.495998248610324,16.929820359905715,2,4,5609,0,394.6770510673523,289.4446289539337,105.06143760681152,0,10712,0.0,109
140726_171539_agentic,"Agentic Evaluation (Yeast, esm_small, r100)",Yeast,100,65,517,36,20-49,1,1,0.0,0.0,,0.0,0.027777777777777776,0.022222222222222223,0.0,0.37524177949709864,0.6189555125725339,0.6857142857142857,0.5555555555555556,0.7746031746031746,0.0,0.03868471953578337,0.4003868471953579,0.8285714285714286,0.3888888888888889,0.5301587301587302,0.0,0.37524177949709864,0.5241779497098646,0.8285714285714286,0.5555555555555556,0.819047619047619,0.0,0.37524177949709864,0.9864603481624759,0.8857142857142857,0.5555555555555556,0.9555555555555556,1,0,5.999999999999998,0.17142857142857137,partial_assembly,0.42857142857142855,7,2,5,16.748976243116044,17.543687575694214,16.137360771036985,2,4,5873,0,61.13317608833313,47.496155977249146,13.473049879074097,35,1260,2.7777777777777777,33
140726_171539_agentic,"Agentic Evaluation (Yeast, esm_small, r100)",Yeast,100,66,310,19,10-19,1,1,0.0,0.23225806451612904,,0.0,0.05263157894736842,0.4152046783625731,0.0,0.5548387096774193,0.5483870967741935,0.8333333333333334,0.42105263157894735,0.6257309941520468,0.0,0.9548387096774194,0.9096774193548387,0.8888888888888888,0.5263157894736842,0.8830409356725146,0.0,0.5096774193548387,0.5161290322580645,0.8333333333333334,0.47368421052631576,0.7777777777777778,0.0,0.9548387096774194,0.9096774193548387,0.8888888888888888,0.5263157894736842,0.8830409356725146,1,0,2.999999999999999,0.16666666666666663,partial_assembly,0.625,8,2,5,16.61801239104308,19.183477394176602,16.810299457771453,4,4,6050,0,41.58112692832947,37.94011092185974,3.4755918979644775,18,342,5.263157894736842,15
140726_171539_agentic,"Agentic Evaluation (Yeast, esm_small, r100)",Yeast,100,67,268,24,20-49,1,1,0.0,0.014925373134328358,,0.08695652173913043,0.08333333333333333,0.2536231884057971,0.0,0.6753731343283582,0.7313432835820896,0.6086956521739131,0.2916666666666667,0.6956521739130435,0.0,0.6716417910447762,0.6902985074626866,0.6956521739130435,0.2916666666666667,0.5797101449275363,0.0,0.45149253731343286,0.4552238805970149,0.7391304347826086,0.2916666666666667,0.5507246376811594,0.0,0.6753731343283582,0.7313432835820896,0.7391304347826086,0.3333333333333333,0.6956521739130435,1,0,6.000000000000001,0.26086956521739135,partial_assembly,1.0,6,2,5,16.16276683502052,17.12972945496482,16.129064728305362,4,4,5897,0,39.965088844299316,33.36901116371155,6.43165135383606,0,552,0.0,24
140726_171539_agentic,"Agentic Evaluation (Yeast, esm_small, r100)",Yeast,100,68,213,23,20-49,1,1,0.0,0.009389671361502348,,0.09090909090909091,0.08695652173913043,-0.09881422924901186,0.0,0.7183098591549296,0.43661971830985913,0.8636363636363636,0.4782608695652174,0.3438735177865613,0.0,0.7089201877934272,0.4178403755868545,0.9090909090909091,0.391304347826087,0.35968379446640314,0.0,0.7370892018779343,0.8967136150234741,0.8181818181818182,0.43478260869565216,0.7470355731225297,0.0,0.9953051643192489,0.9906103286384976,0.9545454545454546,0.6521739130434783,0.9446640316205533,1,0,3.999999999999999,0.18181818181818177,partial_assembly,0.25,8,3,5,14.378243662755889,16.480546746708132,13.590388259422431,3,4,5812,0,40.218891859054565,34.9419846534729,5.121119022369385,22,506,4.3478260869565215,24
140726_171539_agentic,"Agentic Evaluation (Yeast, esm_small, r100)",Yeast,100,69,198,12,10-19,1,1,0.0,0.48484848484848486,,0.0,0.08333333333333333,0.09090909090909091,1.0,1.0,1.0,1.0,1.0,1.0,1.0,1.0,1.0,1.0,1.0,1.0,1.0,1.0,1.0,1.0,1.0,1.0,1.0,1.0,1.0,1.0,1.0,1.0,1,0,0.0,0.0,exact,,0,1,5,1.0,1.0,1.0,1,4,6056,0,34.192376375198364,31.0739905834198,2.9526822566986084,11,132,8.333333333333332,11
140726_171539_agentic,"Agentic Evaluation (Yeast, esm_small, r100)",Yeast,100,70,137,10,10-19,1,1,0.0,0.7445255474452555,,0.1111111111111111,0.2,0.022222222222222223,0.0,0.6861313868613139,0.6423357664233577,0.5555555555555556,0.3,0.24444444444444444,1.0,1.0,1.0,1.0,1.0,1.0,1.0,1.0,1.0,1.0,1.0,1.0,1.0,1.0,1.0,1.0,1.0,1.0,1,0,0.0,0.0,exact,1.0,4,2,5,16.450057455740183,23.90724122212318,16.450057455740183,2,4,5728,0,34.31238555908203,30.63159728050232,3.5208823680877686,9,90,10.0,8
140726_171539_agentic,"Agentic Evaluation (Yeast, esm_small, r100)",Yeast,100,71,181,17,10-19,1,1,0.0,0.585635359116022,,0.0,0.058823529411764705,0.19117647058823528,0.0,0.6298342541436464,0.5082872928176796,0.625,0.35294117647058826,0.6470588235294118,0.0,0.6519337016574586,0.4696132596685083,0.6875,0.35294117647058826,0.4411764705882353,0.0,0.7679558011049724,0.7016574585635359,0.6875,0.35294117647058826,0.4852941176470588,0.0,0.7679558011049724,0.7016574585635359,0.8125,0.47058823529411764,0.6470588235294118,1,0,5.0,0.3125,partial_assembly,0.5,8,3,5,15.134586677815905,21.415097755547457,16.00087800630527,5,4,6364,0,43.40628457069397,40.50447416305542,2.7347521781921387,0,272,0.0,14
140726_171539_agentic,"Agentic Evaluation (Yeast, esm_small, r100)",Yeast,100,72,173,11,10-19,1,1,0.0,0.4913294797687861,,0.1,0.18181818181818182,-0.3090909090909091,1.0,1.0,1.0,1.0,1.0,1.0,1.0,1.0,1.0,1.0,1.0,1.0,1.0,1.0,1.0,1.0,1.0,1.0,1.0,1.0,1.0,1.0,1.0,1.0,1,0,0.0,0.0,exact,,0,1,5,1.2142857142857142,1.2142857142857142,1.2142857142857142,1,4,5851,0,32.56986689567566,29.77320909500122,2.6406781673431396,10,110,9.090909090909092,14
140726_171539_agentic,"Agentic Evaluation (Yeast, esm_small, r100)",Yeast,100,73,189,17,10-19,1,1,0.0,0.5185185185185185,,0.125,0.11764705882352941,-0.1323529411764706,0.0,0.7513227513227513,0.6084656084656085,0.625,0.35294117647058826,0.6470588235294118,0.0,0.6772486772486772,0.35449735449735453,0.75,0.5294117647058824,0.3088235294117647,0.0,0.6772486772486772,0.35449735449735453,0.75,0.5294117647058824,0.3088235294117647,0.0,0.7513227513227513,0.6084656084656085,0.75,0.5294117647058824,0.6470588235294118,1,0,4.0,0.25,partial_assembly,1.0,4,2,5,16.849024493889214,21.409809865054957,16.849024493889214,3,4,6067,0,41.61144423484802,37.13960123062134,4.3090972900390625,16,272,5.88235294117647,13
140726_171539_agentic,"Agentic Evaluation (Yeast, esm_small, r100)",Yeast,100,74,229,12,10-19,1,1,0.0,0.021834061135371178,,0.09090909090909091,0.16666666666666666,0.21212121212121213,1.0,1.0,1.0,1.0,1.0,1.0,1.0,1.0,1.0,1.0,1.0,1.0,1.0,1.0,1.0,1.0,1.0,1.0,1.0,1.0,1.0,1.0,1.0,1.0,1,0,0.0,0.0,exact,,0,1,5,15.488052380069087,15.488052380069087,15.488052380069087,1,4,6196,0,43.242976665496826,39.24450159072876,3.8378806114196777,11,132,8.333333333333332,10
140726_171539_agentic,"Agentic Evaluation (Yeast, esm_small, r100)",Yeast,100,75,632,66,50+,1,1,0.0,0.11392405063291139,,0.06153846153846154,0.030303030303030304,0.1533799533799534,0.0,0.2800632911392405,0.4572784810126582,0.5692307692307692,0.16666666666666666,0.44242424242424244,0.0,0.3037974683544304,0.3291139240506329,0.6153846153846154,0.16666666666666666,0.2466200466200466,0.0,0.3322784810126582,0.35443037974683544,0.7076923076923077,0.16666666666666666,0.3445221445221445,0.0,0.4240506329113924,0.4572784810126582,0.7076923076923077,0.16666666666666666,0.44242424242424244,1,0,18.999999999999996,0.29230769230769227,partial_assembly,0.8888888888888888,9,5,5,16.556831967459487,19.956080532228192,17.367216694848665,3,4,5959,0,115.97943568229675,90.7992262840271,25.012290716171265,65,4290,1.5151515151515151,70
140726_171539_agentic,"Agentic Evaluation (Yeast, esm_small, r100)",Yeast,100,76,754,64,50+,1,1,0.0,0.05702917771883289,,0.031746031746031744,0.03125,0.054563492063492064,0.0,0.5981432360742706,0.643236074270557,0.746031746031746,0.3125,0.7172619047619048,0.0,0.5742705570291777,0.6273209549071618,0.7301587301587301,0.25,0.5813492063492064,0.0,0.7148541114058355,0.7546419098143236,0.7619047619047619,0.234375,0.6726190476190477,0.0,0.7148541114058355,0.7546419098143236,0.7936507936507936,0.3125,0.7172619047619048,1,0,15.000000000000004,0.23809523809523817,partial_assembly,0.75,8,4,5,15.346121899174118,17.28913371311001,16.390001403880138,4,4,6018,0,128.9397006034851,87.1510078907013,41.62321496009827,63,4032,1.5625,64
140726_171539_agentic,"Agentic Evaluation (Yeast, esm_small, r100)",Yeast,100,77,440,22,20-49,1,1,0.0,0.4090909090909091,,0.09523809523809523,0.09090909090909091,0.26406926406926406,0.0,0.7159090909090909,0.7659090909090909,0.7142857142857143,0.45454545454545453,0.49783549783549785,0.0,0.7159090909090909,0.9318181818181819,0.9047619047619048,0.5,0.9047619047619048,0.0,0.7159090909090909,0.9318181818181819,0.8571428571428571,0.5,0.9307359307359307,0.0,0.7159090909090909,0.9318181818181819,0.8571428571428571,0.5,0.9307359307359307,1,0,3.000000000000001,0.1428571428571429,partial_assembly,1.0,4,3,5,15.823192684258297,20.77245689786827,16.318951254925736,3,4,6250,0,55.32551646232605,47.66921257972717,7.496812343597412,21,462,4.545454545454546,18
140726_171539_agentic,"Agentic Evaluation (Yeast, esm_small, r100)",Yeast,100,78,809,55,50+,1,1,0.0,0.02843016069221261,,0.07407407407407407,0.03636363636363636,-0.003367003367003367,0.0,0.25710754017305315,0.4252163164400494,0.6481481481481481,0.23636363636363636,0.1111111111111111,0.0,0.00865265760197775,0.3893695920889988,0.7222222222222222,0.2727272727272727,-0.003367003367003367,0.0,0.00865265760197775,0.41532756489493206,0.7222222222222222,0.2727272727272727,0.07878787878787878,0.0,0.25710754017305315,0.4252163164400494,0.7777777777777778,0.2727272727272727,0.1111111111111111,0,0,15.0,0.2777777777777778,wrong_start,0.7777777777777778,9,5,5,16.69195644166058,17.942841440939723,16.46936010666249,5,4,6137,0,77.84788203239441,55.72131323814392,21.95705509185791,54,2970,1.8181818181818181,55
140726_171539_agentic,"Agentic Evaluation (Yeast, esm_small, r100)",Yeast,100,79,102,7,5-9,1,1,0.0,0.43137254901960786,,0.16666666666666666,0.2857142857142857,-0.5238095238095238,1.0,1.0,1.0,1.0,1.0,1.0,1.0,1.0,1.0,1.0,1.0,1.0,1.0,1.0,1.0,1.0,1.0,1.0,1.0,1.0,1.0,1.0,1.0,1.0,1,0,0.0,0.0,exact,,0,1,5,1.0,1.0,1.0,1,4,6585,0,39.76404047012329,37.865530014038086,1.73349928855896,6,42,14.285714285714285,6
140726_171539_agentic,"Agentic Evaluation (Yeast, esm_small, r100)",Yeast,100,80,111,12,10-19,1,1,0.0,0.7747747747747747,,0.09090909090909091,0.16666666666666666,-0.06060606060606061,0.0,0.7567567567567568,0.5135135135135135,0.8181818181818182,0.6666666666666666,0.7575757575757576,0.0,0.7567567567567568,0.5135135135135135,0.8181818181818182,0.6666666666666666,0.7575757575757576,0.0,0.7567567567567568,0.5135135135135135,0.8181818181818182,0.6666666666666666,0.7575757575757576,0.0,0.7567567567567568,0.5135135135135135,0.8181818181818182,0.6666666666666666,0.7575757575757576,1,0,1.9999999999999996,0.18181818181818177,local_transposition,,0,1,5,15.830409256380554,15.830409256380554,15.830409256380554,1,4,5630,0,31.801989793777466,28.439236879348755,3.195535182952881,0,132,0.0,16
140726_171539_agentic,"Agentic Evaluation (Yeast, esm_small, r100)",Yeast,100,81,154,17,10-19,1,1,0.0,0.42857142857142855,,0.0625,0.11764705882352941,-0.14705882352941177,0.0,0.7922077922077922,0.5844155844155844,0.75,0.5882352941176471,0.5441176470588235,0.0,0.7142857142857143,0.6168831168831168,0.5625,0.29411764705882354,0.23529411764705882,0.0,0.7012987012987013,0.4025974025974026,0.8125,0.5294117647058824,0.4264705882352941,0.0,0.8831168831168831,0.7662337662337663,0.875,0.7058823529411765,0.8235294117647058,1,0,3.0,0.1875,partial_assembly,0.5,8,3,5,21.624206047796168,24.51921076163647,20.169491262004122,5,4,6013,0,37.150357484817505,34.26311707496643,2.7284858226776123,0,272,0.0,16
140726_171539_agentic,"Agentic Evaluation (Yeast, esm_small, r100)",Yeast,100,82,122,11,10-19,1,1,0.0,0.4262295081967213,,0.0,0.09090909090909091,-0.2,0.0,0.680327868852459,0.39344262295081966,0.5,0.2727272727272727,0.3090909090909091,1.0,1.0,1.0,1.0,1.0,1.0,1.0,1.0,1.0,1.0,1.0,1.0,1.0,1.0,1.0,1.0,1.0,1.0,1,0,0.0,0.0,exact,1.0,7,2,5,15.72294314844517,20.579580343476046,15.72294314844517,4,4,5656,0,36.53905940055847,33.619868993759155,2.755077362060547,10,110,9.090909090909092,8
140726_171539_agentic,"Agentic Evaluation (Yeast, esm_small, r100)",Yeast,100,83,546,47,20-49,1,1,0.0,0.10805860805860806,,0.043478260869565216,0.0425531914893617,0.0009250693802035153,0.0,0.4230769230769231,0.5018315018315018,0.717391304347826,0.3404255319148936,0.4856614246068455,0.0,0.32234432234432236,0.5952380952380952,0.6739130434782609,0.3404255319148936,0.5911193339500462,0.0,0.2893772893772894,0.3076923076923077,0.7391304347826086,0.23404255319148937,0.33580018501387604,0.0,0.4230769230769231,0.5018315018315018,0.7608695652173914,0.3404255319148936,0.4856614246068455,1,0,12.000000000000002,0.26086956521739135,partial_assembly,0.7777777777777778,9,4,5,15.995655526307358,18.738339400016677,17.479032209188663,5,4,5901,0,71.04488563537598,57.97567009925842,12.913251399993896,46,2162,2.127659574468085,46
140726_171539_agentic,"Agentic Evaluation (Yeast, esm_small, r100)",Yeast,100,84,294,24,20-49,1,1,0.0,0.10884353741496598,,0.043478260869565216,0.08333333333333333,0.0,0.0,0.40476190476190477,0.47959183673469385,0.782608695652174,0.4583333333333333,0.5652173913043478,0.0,0.40476190476190477,0.47959183673469385,0.782608695652174,0.4583333333333333,0.5652173913043478,0.0,0.40476190476190477,0.47959183673469385,0.782608695652174,0.4583333333333333,0.5652173913043478,1.0,1.0,1.0,1.0,1.0,1.0,1,0,4.999999999999999,0.21739130434782605,partial_assembly,0.2222222222222222,9,1,5,18.45229312594362,18.45229312594362,18.45229312594362,1,4,5898,0,39.2239830493927,34.49551582336426,4.565159797668457,23,552,4.166666666666666,22
140726_171539_agentic,"Agentic Evaluation (Yeast, esm_small, r100)",Yeast,100,85,61,2,2-4,1,1,0.0,0.5573770491803278,,0.0,0.5,-1.0,1.0,1.0,1.0,1.0,1.0,1.0,1.0,1.0,1.0,1.0,1.0,1.0,1.0,1.0,1.0,1.0,1.0,1.0,1.0,1.0,1.0,1.0,1.0,1.0,1,0,0.0,0.0,exact,,0,1,5,1.0,1.0,1.0,1,4,6333,0,36.55288004875183,34.674397706985474,1.72114896774292,1,2,50.0,1
140726_171539_agentic,"Agentic Evaluation (Yeast, esm_small, r100)",Yeast,100,86,695,36,20-49,1,1,0.0,0.0,,0.0,0.027777777777777776,0.012698412698412698,0.0,0.07194244604316546,0.5280575539568345,0.6,0.2777777777777778,0.5936507936507937,0.0,0.041726618705035974,0.42158273381294964,0.7714285714285715,0.3888888888888889,0.43492063492063493,0.0,0.041726618705035974,0.46187050359712234,0.8,0.3888888888888889,0.4984126984126984,0.0,0.07194244604316546,0.5280575539568345,0.8,0.3888888888888889,0.5936507936507937,1,0,6.999999999999998,0.19999999999999996,partial_assembly,0.75,8,2,5,15.241732201698948,19.320972664949107,14.904353722872054,4,4,5822,0,61.54948663711548,44.720579862594604,16.661307334899902,35,1260,2.7777777777777777,33
140726_171539_agentic,"Agentic Evaluation (Yeast, esm_small, r100)",Yeast,100,87,403,20,20-49,1,1,0.0,0.01240694789081886,,0.0,0.05,0.10526315789473684,0.0,0.4317617866004963,0.29032258064516125,0.631578947368421,0.35,0.05263157894736842,0.0,0.08188585607940446,0.4193548387096774,0.5789473684210527,0.2,-0.05263157894736842,0.0,0.1687344913151365,0.4441687344913151,0.5789473684210527,0.25,0.5263157894736842,0.0,0.4317617866004963,0.4441687344913151,0.631578947368421,0.35,0.5263157894736842,1,0,8.0,0.42105263157894735,partial_assembly,0.625,8,5,5,15.98769946622739,17.68809507008145,17.301153299994073,2,4,6053,0,44.709737062454224,37.24616837501526,7.29142951965332,19,380,5.0,15
140726_171539_agentic,"Agentic Evaluation (Yeast, esm_small, r100)",Yeast,100,88,382,19,10-19,1,1,0.0,0.0,,0.0,0.05263157894736842,0.07602339181286549,0.0,0.08900523560209424,0.5863874345549738,0.7222222222222222,0.47368421052631576,0.04093567251461988,0.0,0.08900523560209424,0.5994764397905759,0.7222222222222222,0.47368421052631576,0.08771929824561403,0.0,0.08900523560209424,0.5863874345549738,0.7222222222222222,0.47368421052631576,0.04093567251461988,0.0,0.08900523560209424,0.6282722513089005,0.7777777777777778,0.631578947368421,0.07602339181286549,1,0,5.0,0.2777777777777778,partial_assembly,0.75,8,1,5,12.33573136690414,12.33573136690414,10.980298261647702,3,4,5908,0,39.29322648048401,31.951977729797363,7.181052207946777,18,342,5.263157894736842,20
140726_171539_agentic,"Agentic Evaluation (Yeast, esm_small, r100)",Yeast,100,89,106,12,10-19,1,1,0.0,0.37735849056603776,,0.0,0.08333333333333333,-0.3333333333333333,1.0,1.0,1.0,1.0,1.0,1.0,1.0,1.0,1.0,1.0,1.0,1.0,1.0,1.0,1.0,1.0,1.0,1.0,1.0,1.0,1.0,1.0,1.0,1.0,1,0,0.0,0.0,exact,,0,1,5,1.0,1.0,1.0,1,4,6226,0,36.05915856361389,33.983349561691284,1.909970998764038,11,132,8.333333333333332,11
140726_171539_agentic,"Agentic Evaluation (Yeast, esm_small, r100)",Yeast,100,90,431,31,20-49,1,1,0.0,0.0,,0.06666666666666667,0.06451612903225806,0.03225806451612903,0.0,0.004640371229698376,0.33410672853828305,0.6333333333333333,0.2903225806451613,0.1827956989247312,0.0,0.004640371229698376,0.6380510440835268,0.7333333333333333,0.3548387096774194,0.44516129032258067,0.0,0.3062645011600928,0.7633410672853829,0.8333333333333334,0.4838709677419355,0.8021505376344086,0.0,0.3062645011600928,0.7633410672853829,0.9333333333333333,0.4838709677419355,0.8021505376344086,1,0,4.999999999999999,0.16666666666666663,partial_assembly,0.7777777777777778,9,3,5,16.458919431496536,21.122587663856766,17.95485076172839,3,4,5766,0,53.28435468673706,41.97914266586304,11.139706373214722,30,930,3.225806451612903,29
140726_171539_agentic,"Agentic Evaluation (Yeast, esm_small, r100)",Yeast,100,91,1004,62,50+,1,1,0.0,0.0099601593625498,,0.0,0.016129032258064516,-0.09783183500793231,0.0,0.14442231075697212,0.4661354581673307,0.6885245901639344,0.12903225806451613,0.24378635642517188,0.0,0.14442231075697212,0.48804780876494025,0.6721311475409836,0.20967741935483872,0.22474881015335801,0.0,0.17430278884462153,0.5119521912350598,0.8032786885245902,0.20967741935483872,0.4161819143310418,0.0,0.2639442231075697,0.6424302788844621,0.819672131147541,0.27419354838709675,0.5790586991010047,1,0,12.0,0.19672131147540983,partial_assembly,0.4444444444444444,9,3,5,13.4572166323747,15.302508931342743,13.768980634743263,3,4,6102,0,136.50333046913147,96.08983278274536,40.241270303726196,61,3782,1.6129032258064515,58
140726_171539_agentic,"Agentic Evaluation (Yeast, esm_small, r100)",Yeast,100,92,943,65,50+,0,1,0.0,0.0,,,,,0.0,0.1728525980911983,0.45387062566277836,,,,0.0,0.0010604453870625664,0.40827147401908803,,,,0.0,0.20360551431601273,0.6171792152704136,,,,0.0,0.20360551431601273,0.6171792152704136,,,,1,0,,,unknown,,0,4,5,13.6179584013571,13.921767095466608,13.869542004885592,4,4,5828,0,107.98370671272278,68.41270399093628,39.400949239730835,64,4160,1.5384615384615385,69
140726_171539_agentic,"Agentic Evaluation (Yeast, esm_small, r100)",Yeast,100,93,573,34,20-49,1,1,0.0,0.0,,0.06060606060606061,0.058823529411764705,0.040998217468805706,0.0,0.02443280977312391,0.5410122164048865,0.7575757575757576,0.7058823529411765,0.6078431372549019,0.0,0.02443280977312391,0.5410122164048865,0.7575757575757576,0.7058823529411765,0.6078431372549019,0.0,0.02443280977312391,0.5410122164048865,0.7575757575757576,0.7058823529411765,0.6078431372549019,0.0,0.02443280977312391,0.8289703315881326,0.7878787878787878,0.7058823529411765,0.6078431372549019,1,0,8.0,0.24242424242424243,partial_assembly,0.6666666666666666,9,1,5,17.181563898912103,17.181563898912103,17.181563898912103,1,4,5945,0,50.95620632171631,37.943055629730225,12.845073938369751,33,1122,2.941176470588235,36
140726_171539_agentic,"Agentic Evaluation (Yeast, esm_small, r100)",Yeast,100,94,1357,79,50+,1,1,0.0,0.008843036109064112,,0.0,0.012658227848101266,0.09380071405387862,0.0,0.3596168017686072,0.5195283714075165,0.6153846153846154,0.1518987341772152,0.459915611814346,0.0,0.27855563743551953,0.5062638172439204,0.6794871794871795,0.1518987341772152,0.5689711132749108,0.0,0.5092114959469418,0.5939572586588062,0.782051282051282,0.1518987341772152,0.655955858487504,0.0,0.5092114959469418,0.68828297715549,0.782051282051282,0.1518987341772152,0.667640376501136,1,0,17.0,0.21794871794871795,partial_assembly,0.8888888888888888,9,3,5,17.79963577228092,18.871956918692874,17.67398776801007,3,4,5708,0,220.95993065834045,145.73261499404907,75.06102108955383,0,6162,0.0,71
140726_171539_agentic,"Agentic Evaluation (Yeast, esm_small, r100)",Yeast,100,95,356,25,20-49,1,1,0.0,0.07584269662921349,,0.0,0.04,0.02,0.0,0.6039325842696629,0.452247191011236,0.8333333333333334,0.28,0.06,1.0,1.0,1.0,1.0,1.0,1.0,1.0,1.0,1.0,1.0,1.0,1.0,1.0,1.0,1.0,1.0,1.0,1.0,1,0,0.0,0.0,exact,1.0,4,2,5,10.863488067774789,12.84524947140339,10.863488067774789,3,4,5998,0,47.18410682678223,40.62099361419678,6.414554834365845,24,600,4.0,23
140726_171539_agentic,"Agentic Evaluation (Yeast, esm_small, r100)",Yeast,100,96,119,6,5-9,1,1,0.0,0.7310924369747899,,0.0,0.16666666666666666,-0.7333333333333333,0.0,0.8319327731092437,0.7815126050420168,0.4,0.5,0.06666666666666667,1.0,1.0,1.0,1.0,1.0,1.0,1.0,1.0,1.0,1.0,1.0,1.0,1.0,1.0,1.0,1.0,1.0,1.0,1,0,0.0,0.0,exact,1.0,4,2,5,19.07075252395139,26.092307065788848,19.07075252395139,2,4,6111,0,37.622148513793945,34.87525653839111,2.593445301055908,5,30,16.666666666666664,3
140726_171539_agentic,"Agentic Evaluation (Yeast, esm_small, r100)",Yeast,100,97,438,23,20-49,1,1,0.0,0.3082191780821918,,0.0,0.043478260869565216,-0.2964426877470356,0.0,0.136986301369863,0.317351598173516,0.7727272727272727,0.34782608695652173,-0.24110671936758893,0.0,0.13013698630136986,0.38584474885844744,0.7272727272727273,0.4782608695652174,0.44664031620553357,0.0,0.13013698630136986,0.38584474885844744,0.7272727272727273,0.4782608695652174,0.44664031620553357,0.0,0.136986301369863,0.38584474885844744,0.9090909090909091,0.782608695652174,0.5810276679841897,1,0,6.0,0.2727272727272727,partial_assembly,0.2,10,5,5,15.458913869757025,15.759083153790408,15.458913869757025,5,4,6176,0,42.8146026134491,36.28233456611633,6.374583005905151,22,506,4.3478260869565215,19
140726_171539_agentic,"Agentic Evaluation (Yeast, esm_small, r100)",Yeast,100,98,455,51,50+,1,1,0.0,0.06813186813186813,,0.02,0.0392156862745098,0.11215686274509803,0.0,0.3120879120879121,0.3120879120879121,0.58,0.1568627450980392,0.32862745098039214,0.0,0.07032967032967033,0.3318681318681319,0.6,0.1568627450980392,0.5058823529411764,0.0,0.06813186813186813,0.36923076923076925,0.72,0.17647058823529413,0.33019607843137255,0.0,0.3120879120879121,0.36923076923076925,0.72,0.29411764705882354,0.5450980392156862,1,0,14.000000000000002,0.28,partial_assembly,0.9,10,4,5,14.808370472024942,18.15391970893536,16.329644901636968,4,4,5845,0,77.7678530216217,58.17867398262024,19.415194511413574,0,2550,0.0,54
140726_171539_agentic,"Agentic Evaluation (Yeast, esm_small, r100)",Yeast,100,99,109,6,5-9,1,1,0.0,0.6788990825688074,,0.0,0.16666666666666666,-0.2,1.0,1.0,1.0,1.0,1.0,1.0,1.0,1.0,1.0,1.0,1.0,1.0,1.0,1.0,1.0,1.0,1.0,1.0,1.0,1.0,1.0,1.0,1.0,1.0,1,0,0.0,0.0,exact,,0,1,5,1.0,1.0,1.0,1,4,6422,0,38.63994574546814,36.93294978141785,1.5385422706604004,0,30,0.0,5
140726_171539_agentic,"Agentic Evaluation (Yeast, esm_small, r100)",Yeast,100,100,179,12,10-19,1,1,0.0,0.6089385474860335,,0.0,0.08333333333333333,-0.36363636363636365,0.0,0.6089385474860335,0.2178770949720671,0.45454545454545453,0.25,-0.06060606060606061,1.0,1.0,1.0,1.0,1.0,1.0,1.0,1.0,1.0,1.0,1.0,1.0,1.0,1.0,1.0,1.0,1.0,1.0,1,0,0.0,0.0,exact,1.0,7,2,5,12.455988359152162,18.82384204360559,12.455988359152162,2,4,5707,0,32.78955388069153,28.902097702026367,3.7159738540649414,11,132,8.333333333333332,10
